City_ID,City,Country,Date,Lat,Lng,Max Temp,Humidity,Cloudiness,Wind Speed
0,Cape Town,ZA,2021-07-30 01:00:38,-33.9258,18.4232,52.12,95,8,1.01
1,Khatanga,RU,2021-07-30 01:00:38,71.9667,102.5,79.97,50,0,9.57
2,New Norfolk,AU,2021-07-30 01:00:39,-42.7826,147.0587,53.92,69,100,1.99
3,Busselton,AU,2021-07-30 01:00:39,-33.65,115.3333,49.08,70,85,26.44
4,Keuruu,FI,2021-07-30 01:00:40,62.2667,24.7,60.98,98,96,5.82
5,Alamosa,US,2021-07-30 00:56:52,37.4695,-105.87,78.31,65,99,11.9
6,Ostrovnoy,RU,2021-07-30 01:00:40,68.0531,39.5131,40.78,92,9,2.89
7,Port Elizabeth,ZA,2021-07-30 01:00:41,-33.918,25.5701,48.09,85,2,7.4
8,Amazar,RU,2021-07-30 01:00:41,53.858,120.875,68.97,49,0,7.7
9,Sobolevo,RU,2021-07-30 01:00:42,54.4299,31.8996,63.21,98,79,4.07
10,Nikolaevo,BG,2021-07-30 01:00:42,42.6333,25.8,77.09,44,0,0.83
11,Rikitea,PF,2021-07-30 01:00:43,-23.1203,-134.9692,71.64,76,5,3.76
12,Port Alfred,ZA,2021-07-30 01:00:43,-33.5906,26.891,55.2,85,38,9.75
13,Upernavik,GL,2021-07-30 01:00:44,72.7868,-56.1549,45.27,87,99,4.23
14,Esperance,AU,2021-07-30 01:00:44,-33.8667,121.9,55.49,68,98,23.47
15,Khani,GE,2021-07-30 01:00:44,41.9563,42.9566,58.57,88,15,4.36
16,Mataura,NZ,2021-07-30 01:00:45,-46.1927,168.8643,50.49,78,100,3.47
17,Gizo,SB,2021-07-30 00:56:06,-8.103,156.8419,84.15,71,12,6.06
18,East London,ZA,2021-07-30 00:58:25,-33.0153,27.9116,57.6,67,0,6.4
19,Hermanus,ZA,2021-07-30 01:00:45,-34.4187,19.2345,51.91,81,18,7.85
20,Waipawa,NZ,2021-07-30 01:00:46,-41.4122,175.5153,59.45,61,6,4.21
21,Autun,FR,2021-07-30 01:00:46,46.95,4.3,58.15,95,2,0.54
22,Butaritari,KI,2021-07-30 01:00:46,3.0707,172.7902,83.8,71,7,13.09
23,Amapa,BR,2021-07-30 01:00:47,1.0,-52.0,71.26,98,16,1.72
24,Ushuaia,AR,2021-07-30 00:56:35,-54.8,-68.3,42.46,49,40,13.8
25,Norman Wells,CA,2021-07-30 01:00:47,65.282,-126.8329,69.84,60,75,2.3
26,Qaanaaq,GL,2021-07-30 01:00:48,77.484,-69.3632,40.12,88,87,8.79
27,Tiksi,RU,2021-07-30 01:00:48,71.6872,128.8694,57.83,44,6,2.08
28,Yellowknife,CA,2021-07-30 01:00:48,62.456,-114.3525,71.29,46,88,11.01
29,Alyangula,AU,2021-07-30 01:00:48,-13.8483,136.4192,80.46,60,2,5.7
30,Hobart,AU,2021-07-30 00:56:03,-42.8794,147.3294,54.27,65,75,1.01
31,Severo-Kurilsk,RU,2021-07-30 01:00:49,50.6789,156.125,61.79,89,97,4.5
32,Vila,PT,2021-07-30 01:00:49,42.0304,-8.1588,55.74,87,0,2.33
33,Danville,US,2021-07-30 01:00:50,36.586,-79.395,86.41,70,12,6.08
34,Kapaa,US,2021-07-30 01:00:50,22.0752,-159.319,85.98,71,87,3.0
35,Kruisfontein,ZA,2021-07-30 01:00:51,-34.0033,24.7314,45.88,79,0,6.49
36,Smolenka,RU,2021-07-30 01:00:51,52.1352,113.4974,62.67,82,40,6.71
37,Chokurdakh,RU,2021-07-30 01:00:51,70.6333,147.9167,49.8,46,76,5.26
38,Nabire,ID,2021-07-30 01:00:52,-3.3667,135.4833,83.3,70,98,0.67
39,Northam,GB,2021-07-30 01:00:52,51.0333,-4.2167,59.31,93,76,28.5
40,Tasiilaq,GL,2021-07-30 01:00:53,65.6145,-37.6368,48.36,74,25,3.91
41,Walvis Bay,NA,2021-07-30 01:00:53,-22.9575,14.5053,54.09,33,0,8.63
42,Mabaruma,GY,2021-07-30 01:00:53,8.2,-59.7833,73.69,90,100,2.51
43,Flinders,AU,2021-07-30 01:00:54,-34.5833,150.8552,60.06,51,0,1.01
44,Masuguru,TZ,2021-07-30 01:00:54,-11.3667,38.4167,65.97,64,1,3.47
45,Kaeo,NZ,2021-07-30 01:00:54,-35.1,173.7833,64.33,81,78,12.19
46,Cayenne,GF,2021-07-30 01:00:55,4.9333,-52.3333,78.1,88,0,1.14
47,Bredasdorp,ZA,2021-07-30 01:00:55,-34.5322,20.0403,48.79,87,14,6.98
48,Cap Malheureux,MU,2021-07-30 01:00:55,-19.9842,57.6142,70.47,74,74,13.0
49,Praxedis Guerrero,MX,2021-07-30 01:00:56,31.3667,-106.0167,90.55,27,11,22.15
50,Komsomolskiy,UZ,2021-07-30 01:00:56,40.4272,71.7189,79.52,22,97,4.61
51,Albany,US,2021-07-30 00:57:07,42.6001,-73.9662,71.53,89,100,5.23
52,Wamba,NG,2021-07-30 01:00:57,8.9333,8.6,71.71,94,100,3.91
53,Biankouma,CI,2021-07-30 01:00:57,7.7391,-7.6138,66.54,94,85,1.81
54,Puri,IN,2021-07-30 01:00:57,19.8,85.85,80.38,76,100,19.04
55,Mumford,GH,2021-07-30 01:00:58,5.2618,-0.759,75.34,88,29,6.73
56,Atar,MR,2021-07-30 01:00:58,20.5169,-13.0499,85.73,38,96,11.83
57,Battle Creek,US,2021-07-30 01:00:58,42.3212,-85.1797,78.17,41,2,11.59
58,Lohja,FI,2021-07-30 01:00:59,60.2486,24.0653,63.45,85,0,7.72
59,Saskylakh,RU,2021-07-30 01:00:59,71.9167,114.0833,80.92,39,24,6.2
60,Stephenville,US,2021-07-30 00:59:05,32.2207,-98.2023,93.29,58,1,0.0
61,Guerrero Negro,MX,2021-07-30 01:00:59,27.9769,-114.0611,75.85,69,0,20.2
62,Touros,BR,2021-07-30 01:01:00,-5.1989,-35.4608,77.77,81,20,12.35
63,Bilibino,RU,2021-07-30 01:01:00,68.0546,166.4372,43.12,52,88,9.71
64,Punta Arenas,CL,2021-07-30 00:59:18,-53.15,-70.9167,39.31,81,0,20.71
65,Sarkand,KZ,2021-07-30 01:01:01,45.41,79.9186,62.4,60,100,7.31
66,Serov,RU,2021-07-30 01:01:01,59.6033,60.5787,50.5,82,100,2.15
67,Victoria Point,AU,2021-07-30 01:01:01,-27.5833,153.3,71.49,51,0,7.0
68,Klaksvik,FO,2021-07-30 01:01:02,62.2266,-6.589,52.72,90,100,15.66
69,Mahebourg,MU,2021-07-30 01:01:02,-20.4081,57.7,70.25,74,97,22.01
70,Cherskiy,RU,2021-07-30 01:01:03,68.75,161.3,37.92,64,100,20.6
71,Torbay,CA,2021-07-30 01:01:03,47.6666,-52.7314,61.27,79,0,5.99
72,Isangel,VU,2021-07-30 01:01:03,-19.55,169.2667,76.12,76,32,7.45
73,Jamestown,US,2021-07-30 01:01:04,42.097,-79.2353,76.32,78,90,13.8
74,Ancud,CL,2021-07-30 01:01:04,-41.8697,-73.8203,47.82,86,100,9.78
75,Coihaique,CL,2021-07-30 01:01:04,-45.5752,-72.0662,38.48,99,100,7.02
76,Pevek,RU,2021-07-30 01:01:05,69.7008,170.3133,32.04,98,100,25.64
77,Dikson,RU,2021-07-30 01:01:05,73.5069,80.5464,43.34,82,100,14.54
78,Sitka,US,2021-07-30 01:01:05,57.0531,-135.33,69.39,55,7,4.47
79,Najran,SA,2021-07-30 01:01:06,17.4924,44.1277,82.65,47,18,7.31
80,Maragogi,BR,2021-07-30 01:01:06,-9.0122,-35.2225,73.94,87,45,5.28
81,Champerico,GT,2021-07-30 01:01:06,14.3,-91.9167,82.35,87,100,8.25
82,Srivardhan,IN,2021-07-30 01:01:06,18.0333,73.0167,79.86,87,100,14.47
83,Turukhansk,RU,2021-07-30 01:01:07,65.8167,87.9833,59.86,82,100,9.64
84,Yerbogachen,RU,2021-07-30 01:01:07,61.2767,108.0108,70.47,41,1,9.15
85,Avarua,CK,2021-07-30 01:01:07,-21.2078,-159.775,75.25,64,75,9.22
86,Tura,IN,2021-07-30 01:01:08,25.5198,90.2201,74.64,91,100,6.08
87,Vardo,NO,2021-07-30 01:01:08,70.3705,31.1107,45.07,86,100,5.08
88,Mildura,AU,2021-07-30 01:01:08,-34.2,142.15,59.77,34,71,24.43
89,San Patricio,US,2021-07-30 01:01:09,28.017,-97.5169,86.18,63,100,11.39
90,Kangaatsiaq,GL,2021-07-30 00:57:08,68.3065,-53.4641,43.93,86,27,9.24
91,Pocone,BR,2021-07-30 01:01:09,-16.2567,-56.6228,55.31,25,0,5.66
92,Hambantota,LK,2021-07-30 01:01:09,6.1241,81.1185,77.34,100,20,9.22
93,Kapit,MY,2021-07-30 01:01:10,2.0167,112.9333,77.85,92,97,1.81
94,Ulladulla,AU,2021-07-30 00:56:46,-35.35,150.4667,59.88,36,0,2.13
95,Jaisalmer,IN,2021-07-30 01:01:10,26.9147,70.9181,80.85,77,100,18.05
96,Quatre Cocos,MU,2021-07-30 01:01:10,-20.2078,57.7625,70.09,75,99,20.98
97,Corrientes,AR,2021-07-30 01:01:11,-27.4806,-58.8341,44.98,72,0,1.01
98,Nortelandia,BR,2021-07-30 01:01:11,-14.4547,-56.8028,57.33,25,6,3.87
99,Van Buren,US,2021-07-30 01:01:11,35.4368,-94.3483,93.02,58,1,5.75
100,Barrow,US,2021-07-30 01:01:12,71.2906,-156.7887,53.62,82,90,5.75
101,Broome,US,2021-07-30 01:01:12,42.2506,-75.833,71.98,92,90,1.99
102,Santa Maria,BR,2021-07-30 01:01:12,-29.6842,-53.8069,39.22,76,0,2.8
103,Pangnirtung,CA,2021-07-30 01:01:13,66.1451,-65.7125,51.89,68,13,2.93
104,Vaini,TO,2021-07-30 01:01:13,-21.2,-175.2,73.78,67,13,13.22
105,Bengkulu,ID,2021-07-30 01:01:13,-3.8004,102.2655,77.92,81,63,4.47
106,La Ronge,CA,2021-07-30 01:01:13,55.1001,-105.2842,74.66,41,8,5.32
107,Yatou,CN,2021-07-30 01:01:14,37.15,122.3833,79.29,82,100,18.5
108,Anadyr,RU,2021-07-30 01:01:14,64.75,177.4833,41.5,87,75,15.66
109,Nagato,JP,2021-07-30 01:01:14,34.3833,131.2,81.19,65,24,4.12
110,Okha,RU,2021-07-30 01:01:15,53.5739,142.9478,59.41,98,100,5.68
111,Mayma,RU,2021-07-30 01:01:15,52.0197,85.9114,61.7,68,64,2.77
112,Ribeira Grande,PT,2021-07-30 01:01:15,38.5167,-28.7,70.59,88,8,8.86
113,Montes Altos,BR,2021-07-30 01:01:16,-5.8333,-47.0667,83.34,43,100,3.56
114,Valley City,US,2021-07-30 00:58:38,46.9233,-98.0032,77.74,41,1,5.75
115,Lebu,CL,2021-07-30 01:01:16,-37.6167,-73.65,48.92,84,0,6.4
116,Bambous Virieux,MU,2021-07-30 01:01:16,-20.3428,57.7575,70.21,74,100,21.72
117,Marsh Harbour,BS,2021-07-30 01:00:07,26.5412,-77.0636,84.27,68,7,8.16
118,Emmett,US,2021-07-30 00:57:34,43.8735,-116.4993,101.48,23,44,7.0
119,Ilhabela,BR,2021-07-30 01:01:17,-23.7781,-45.3581,52.11,72,37,6.17
120,Socorro,US,2021-07-30 01:01:17,31.6546,-106.3033,92.03,31,40,19.57
121,Atuona,PF,2021-07-30 01:01:17,-9.8,-139.0333,77.0,82,100,13.8
122,Ilulissat,GL,2021-07-30 01:01:18,69.2167,-51.1,48.22,76,99,3.44
123,Lavrentiya,RU,2021-07-30 01:01:18,65.5833,-171.0,47.19,86,97,11.5
124,San Policarpo,PH,2021-07-30 01:01:18,12.1791,125.5072,87.24,62,87,5.48
125,Phichit,TH,2021-07-30 01:01:19,16.25,100.4167,82.18,75,100,2.46
126,Kabo,CF,2021-07-30 01:01:19,7.6994,18.629,69.1,97,39,2.51
127,Kurilsk,RU,2021-07-30 01:01:19,45.2333,147.8833,71.83,76,7,10.02
128,Lydenburg,ZA,2021-07-30 01:01:20,-25.0978,30.4597,46.4,52,0,4.54
129,Srednekolymsk,RU,2021-07-30 01:01:20,67.45,153.6833,47.25,54,89,9.46
130,Kadoma,JP,2021-07-30 01:01:20,34.7333,135.5833,90.64,53,8,6.55
131,Juazeiro,BR,2021-07-30 01:01:21,-9.4117,-40.4986,80.47,33,4,12.5
132,Ambilobe,MG,2021-07-30 01:01:21,-13.2,49.05,62.96,91,0,3.67
133,Harper,LR,2021-07-30 01:01:21,4.375,-7.7169,75.97,85,100,5.5
134,Vestmannaeyjar,IS,2021-07-30 01:01:22,63.4427,-20.2734,54.36,90,27,6.53
135,Makakilo City,US,2021-07-30 00:57:42,21.3469,-158.0858,83.61,64,76,17.4
136,Hokitika,NZ,2021-07-30 01:01:22,-42.7167,170.9667,59.34,67,83,4.54
137,Scarborough,GB,2021-07-30 00:57:33,54.2797,-0.4044,55.78,87,98,1.01
138,Puerto Ayora,EC,2021-07-30 01:01:22,-0.7393,-90.3518,71.28,89,33,7.56
139,Pacific Grove,US,2021-07-30 01:01:17,36.6177,-121.9166,92.16,84,70,4.0
140,Bud,US,2021-07-30 00:57:49,39.447,-86.1758,83.89,84,93,7.47
141,Mar Del Plata,AR,2021-07-30 01:01:23,-38.0023,-57.5575,50.13,61,0,1.01
142,Tuktoyaktuk,CA,2021-07-30 01:01:23,69.4541,-133.0374,50.67,90,97,8.21
143,Castro,BR,2021-07-30 01:01:24,-24.7911,-50.0119,34.3,59,0,2.06
144,Honiara,SB,2021-07-30 01:01:24,-9.4333,159.95,87.3,64,8,6.55
145,Hasaki,JP,2021-07-30 01:01:24,35.7333,140.8333,84.6,79,20,9.13
146,Matara,LK,2021-07-30 00:57:10,5.9485,80.5353,78.78,88,18,11.63
147,Carnarvon,AU,2021-07-30 01:01:25,-24.8667,113.6333,62.67,68,75,9.22
148,Paamiut,GL,2021-07-30 01:01:25,61.994,-49.6678,43.81,86,100,1.61
149,Saldanha,ZA,2021-07-30 01:01:25,-33.0117,17.9442,52.41,85,0,4.47
150,Tomatlan,MX,2021-07-30 01:01:26,19.9333,-105.25,82.98,78,2,3.67
151,Nanortalik,GL,2021-07-30 01:01:26,60.1432,-45.2371,45.82,83,100,17.4
152,Mareeba,AU,2021-07-30 01:01:26,-17.0,145.4333,85.32,47,0,4.9
153,Cotonou,BJ,2021-07-30 01:01:27,6.3654,2.4183,76.93,84,13,9.69
154,Airai,TL,2021-07-30 01:01:27,-8.9266,125.4092,72.39,38,7,3.62
155,Pombia,IT,2021-07-30 01:01:27,45.653,8.6336,73.89,82,0,4.61
156,Natal,BR,2021-07-30 01:00:11,-5.795,-35.2094,77.67,80,100,11.1
157,Portland,US,2021-07-30 00:58:42,45.5234,-122.6762,99.97,24,2,3.0
158,Noyon,FR,2021-07-30 01:01:28,49.5833,3.0,59.81,78,100,4.76
159,Russellville,US,2021-07-30 01:01:28,35.2784,-93.1338,91.13,68,1,0.0
160,Sioux Lookout,CA,2021-07-30 01:01:29,50.1001,-91.917,63.64,41,0,4.05
161,Turan,VN,2021-07-30 01:01:29,16.0678,108.2208,94.98,46,20,2.3
162,Nikolskoye,RU,2021-07-30 01:01:29,59.7035,30.7861,64.29,91,96,5.91
163,Padang,ID,2021-07-30 01:01:30,-0.9492,100.3543,73.45,70,100,2.48
164,Dali,CN,2021-07-30 01:01:30,25.7,100.1833,64.99,93,100,2.39
165,Pokhara,NP,2021-07-30 01:01:30,28.2333,83.9833,73.96,88,94,0.49
166,Campoverde,PE,2021-07-30 01:01:30,-8.4753,-74.8058,65.93,74,94,3.71
167,Bubaque,GW,2021-07-30 01:01:31,11.2833,-15.8333,78.73,83,100,13.94
168,Victoria,HK,2021-07-30 01:01:00,22.2855,114.1577,81.97,91,100,1.01
169,Faanui,PF,2021-07-30 01:01:31,-16.4833,-151.75,78.24,76,30,9.86
170,Portales,US,2021-07-30 01:01:32,34.1862,-103.3344,86.32,35,62,9.84
171,Chuy,UY,2021-07-30 01:01:32,-33.6971,-53.4616,41.65,83,11,6.04
172,Manakara,MG,2021-07-30 01:01:32,-22.1333,48.0167,67.51,83,100,4.72
173,Haines Junction,CA,2021-07-30 00:57:37,60.7522,-137.5108,67.95,45,43,8.05
174,Tuatapere,NZ,2021-07-30 01:01:33,-46.1333,167.6833,50.83,77,100,1.77
175,Bluff,NZ,2021-07-30 01:01:33,-46.6,168.3333,50.81,73,100,4.54
176,Magistralnyy,RU,2021-07-30 01:01:33,56.1725,107.4458,75.54,46,0,3.78
177,Yoichi,JP,2021-07-30 01:01:02,43.2039,140.7703,80.22,69,5,3.89
178,Umm Lajj,SA,2021-07-30 01:01:34,25.0213,37.2685,84.65,55,94,5.59
179,Foshan,CN,2021-07-30 00:56:34,23.0268,113.1315,86.95,62,71,2.48
180,North Bend,US,2021-07-30 01:01:34,43.4065,-124.2243,67.91,91,75,20.71
181,Asandh,IN,2021-07-30 01:01:35,29.5167,76.6,80.06,89,79,4.97
182,Suchitlan,MX,2021-07-30 01:01:35,19.3667,-103.7167,74.37,88,34,2.95
183,Cuamba,MZ,2021-07-30 01:01:35,-14.8031,36.5372,57.38,79,5,4.43
184,Cabo San Lucas,MX,2021-07-30 00:56:52,22.8909,-109.9124,94.51,70,6,5.99
185,Sao Jose Da Coroa Grande,BR,2021-07-30 01:01:36,-8.8978,-35.1478,74.25,87,76,5.5
186,Kyabe,TD,2021-07-30 01:01:36,9.4515,18.9449,71.38,97,5,4.41
187,Rabaul,PG,2021-07-30 01:01:37,-4.1967,152.1721,84.11,68,6,2.84
188,Palu,ID,2021-07-30 01:01:37,-0.8917,119.8707,83.55,77,92,1.57
189,Kodiak,US,2021-07-30 01:01:37,57.79,-152.4072,56.71,67,90,5.75
190,Sur,OM,2021-07-30 01:00:36,22.5667,59.5289,90.72,52,98,18.39
191,Half Moon Bay,US,2021-07-30 01:01:38,37.4636,-122.4286,93.61,71,75,6.91
192,Anori,BR,2021-07-30 01:01:38,-3.7728,-61.6442,75.45,64,3,2.39
193,Taraza,CO,2021-07-30 01:01:38,7.5836,-75.4007,76.95,98,100,2.26
194,Fortuna,US,2021-07-30 01:01:39,40.5982,-124.1573,67.86,86,20,11.5
195,Kibala,TD,2021-07-30 01:01:39,9.1104,18.3463,70.72,98,80,3.6
196,Acajutla,SV,2021-07-30 01:01:39,13.5928,-89.8275,79.99,81,91,3.24
197,Pisco,PE,2021-07-30 01:01:40,-13.7,-76.2167,63.01,84,16,1.83
198,Eureka,US,2021-07-30 01:01:40,40.8021,-124.1637,68.13,77,46,1.99
199,Saint-Philippe,RE,2021-07-30 01:01:40,-21.3585,55.7679,69.39,83,100,15.77
200,Svetlogorsk,BY,2021-07-30 01:01:41,52.6333,29.7333,62.19,98,15,6.13
201,Okhotsk,RU,2021-07-30 01:01:41,59.3833,143.3,61.99,43,46,17.81
202,La Ligua,CL,2021-07-30 01:01:42,-32.4524,-71.2311,44.38,74,0,0.45
203,Kahului,US,2021-07-30 01:00:31,20.8947,-156.47,81.68,85,92,11.01
204,Akureyri,IS,2021-07-30 01:01:42,65.6835,-18.0878,55.08,95,100,1.52
205,Korop,UA,2021-07-30 01:01:42,51.5664,32.9586,63.27,98,83,6.67
206,Beira,MZ,2021-07-30 01:01:43,-19.8436,34.8389,64.85,83,1,0.47
207,Salalah,OM,2021-07-30 00:56:54,17.0151,54.0924,75.99,94,100,13.96
208,Qaqortoq,GL,2021-07-30 01:01:43,60.7167,-46.0333,48.7,89,100,3.36
209,Stornoway,GB,2021-07-30 01:01:43,58.2093,-6.3865,59.94,100,75,3.44
210,Tambovka,RU,2021-07-30 01:01:44,50.0969,128.0489,75.31,70,17,4.63
211,Teguise,ES,2021-07-30 01:01:44,29.0605,-13.564,66.42,83,0,21.85
212,Mogadishu,SO,2021-07-30 01:01:44,2.0371,45.3438,75.72,79,75,19.64
213,Jimo,CN,2021-07-30 01:01:45,36.3897,120.4622,73.17,93,100,7.27
214,Alofi,NU,2021-07-30 01:01:45,-19.0595,-169.9187,75.78,72,65,14.72
215,Zhigansk,RU,2021-07-30 01:01:45,66.7697,123.3711,66.99,41,4,6.22
216,Ballina,AU,2021-07-30 01:01:46,-28.8667,153.5667,62.78,50,0,5.17
217,Nemuro,JP,2021-07-30 01:01:46,43.3236,145.575,68.07,96,94,10.07
218,Vikulovo,RU,2021-07-30 01:01:46,56.8167,70.6107,51.51,93,100,6.04
219,Geraldton,AU,2021-07-30 01:01:47,-28.7667,114.6,63.12,77,75,20.71
220,Bambanglipuro,ID,2021-07-30 01:01:47,-7.95,110.2833,79.16,80,64,6.76
221,Izberbash,RU,2021-07-30 01:01:47,42.5696,47.8645,68.05,52,9,6.51
222,Hovd,MN,2021-07-30 01:01:48,48.0056,91.6419,65.28,42,99,2.17
223,Mount Gambier,AU,2021-07-30 01:01:48,-37.8333,140.7667,51.71,58,75,21.85
224,Caldwell,US,2021-07-30 00:59:30,43.6629,-116.6874,101.46,24,59,3.0
225,Filingue,NE,2021-07-30 01:01:48,14.3521,3.3168,85.23,57,99,2.8
226,Sao Joao Da Barra,BR,2021-07-30 01:01:49,-21.6403,-41.0511,61.38,59,0,21.34
227,Teya,RU,2021-07-30 01:01:49,60.3778,92.6267,57.83,88,96,1.12
228,Aklavik,CA,2021-07-30 01:01:49,68.2191,-135.0107,69.93,50,100,10.98
229,Kjollefjord,NO,2021-07-30 01:01:50,70.9457,27.3465,44.29,83,100,5.26
230,Cockburn Town,TC,2021-07-30 01:01:50,21.4612,-71.1419,82.29,79,0,20.74
231,Pecos,US,2021-07-30 01:01:50,31.4229,-103.4932,92.23,27,1,13.8
232,Cidreira,BR,2021-07-30 01:01:51,-30.1811,-50.2056,45.43,71,16,9.06
233,Hithadhoo,MV,2021-07-30 01:01:51,-0.6,73.0833,82.18,71,98,4.14
234,Saint-Joseph,RE,2021-07-30 01:01:51,-21.3667,55.6167,68.38,81,57,15.9
235,Nara,JP,2021-07-30 00:58:13,34.6851,135.8049,89.96,51,9,4.79
236,Paraiso,CR,2021-07-30 01:01:52,9.8383,-83.8656,67.15,98,62,1.9
237,Grand Gaube,MU,2021-07-30 01:01:52,-20.0064,57.6608,70.38,74,81,13.0
238,Bhavnagar,IN,2021-07-30 01:01:52,21.7667,72.15,80.65,81,100,14.54
239,Juneau,US,2021-07-30 01:00:19,58.3019,-134.4197,69.1,100,25,1.57
240,Hilo,US,2021-07-30 01:01:53,19.7297,-155.09,81.63,76,100,4.0
241,Rocha,UY,2021-07-30 01:01:53,-34.4833,-54.3333,39.56,84,6,4.92
242,Paita,PE,2021-07-30 01:01:54,-5.0892,-81.1144,67.41,85,97,14.94
243,Fort-Shevchenko,KZ,2021-07-30 01:01:54,44.5086,50.263,77.11,39,0,9.95
244,Asau,RO,2021-07-30 01:01:54,46.4333,26.4,65.39,97,0,3.87
245,Naze,JP,2021-07-30 01:01:54,28.3667,129.4833,80.73,78,100,1.25
246,Golaghat,IN,2021-07-30 01:01:55,26.5167,93.9667,77.85,94,97,4.16
247,Bethel,US,2021-07-30 01:01:55,41.3712,-73.414,72.05,92,100,1.01
248,Shingu,JP,2021-07-30 01:01:55,33.7333,135.9833,83.91,56,0,4.41
249,Palasa,IN,2021-07-30 01:01:56,18.7667,84.4167,78.12,84,100,7.18
250,Onguday,RU,2021-07-30 01:01:56,50.75,86.15,56.25,84,100,1.59
251,Nouadhibou,MR,2021-07-30 01:01:56,20.931,-17.0347,69.06,91,52,15.21
252,Bismil,TR,2021-07-30 01:01:57,37.8486,40.6658,87.53,32,0,4.47
253,Christiana,ZA,2021-07-30 01:01:57,-27.914,25.1611,37.09,48,0,3.31
254,Chupa,RU,2021-07-30 01:01:57,66.27,33.0549,50.59,76,100,7.2
255,Fairbanks,US,2021-07-30 01:00:00,64.8378,-147.7164,69.03,60,83,1.01
256,Bilma,NE,2021-07-30 01:01:58,18.6853,12.9164,93.42,29,30,6.96
257,Yar-Sale,RU,2021-07-30 01:01:58,66.8333,70.8333,49.96,91,100,16.91
258,Georgetown,MY,2021-07-30 01:00:02,5.4112,100.3354,79.9,86,20,4.61
259,Papagaios,BR,2021-07-30 01:01:59,-19.4492,-44.7478,52.97,24,0,3.06
260,Kuchurhan,UA,2021-07-30 01:01:59,47.163,29.7894,68.99,74,0,9.78
261,Bonavista,CA,2021-07-30 00:58:08,48.6499,-53.1147,62.6,82,1,10.51
262,Drochia,MD,2021-07-30 00:59:07,48.035,27.8161,65.8,92,0,5.95
263,Charters Towers,AU,2021-07-30 01:01:59,-20.1,146.2667,79.59,37,0,2.8
264,Saint George,US,2021-07-30 01:02:00,37.1041,-113.5841,100.87,29,20,11.99
265,Terre Haute,US,2021-07-30 01:01:22,39.4667,-87.4139,84.49,79,90,6.91
266,Mafeteng,LS,2021-07-30 01:02:00,-29.823,27.2374,36.64,35,0,0.56
267,Belaya Gora,RU,2021-07-30 01:02:00,68.5333,146.4167,55.09,45,27,4.9
268,Kaitangata,NZ,2021-07-30 01:02:01,-46.2817,169.8464,52.93,76,92,8.84
269,Abu Zabad,SD,2021-07-30 01:02:01,12.35,29.25,73.31,85,100,7.74
270,Thun,CH,2021-07-30 01:02:02,46.7512,7.6217,68.31,82,98,18.01
271,Dalby,AU,2021-07-30 01:02:02,-27.1833,151.2667,68.99,33,0,3.0
272,Bolobo,CD,2021-07-30 01:02:02,-2.1667,16.2333,70.54,41,10,3.02
273,Kampong Thum,KH,2021-07-30 01:02:03,12.7111,104.8887,81.28,83,26,1.83
274,Hualmay,PE,2021-07-30 01:02:04,-11.0964,-77.6139,63.88,84,75,7.78
275,Berlevag,NO,2021-07-30 01:02:04,70.8578,29.0864,44.17,84,100,3.8
276,Takoradi,GH,2021-07-30 01:02:04,4.8845,-1.7554,75.58,88,28,8.03
277,Tubmanburg,LR,2021-07-30 01:02:04,6.8708,-10.8172,72.23,91,19,1.1
278,Bohdan,UA,2021-07-30 01:02:05,48.0412,24.3522,63.28,91,13,1.05
279,Sambava,MG,2021-07-30 01:02:05,-14.2667,50.1667,67.26,91,64,8.9
280,Kawalu,ID,2021-07-30 01:02:05,-7.3817,108.2082,75.34,84,71,1.34
281,Vila Velha,BR,2021-07-30 00:59:39,-20.3297,-40.2925,66.15,68,75,14.97
282,Marigot,MF,2021-07-30 01:02:06,18.0667,-63.0833,82.04,79,100,19.13
283,Puerto Baquerizo Moreno,EC,2021-07-30 01:02:07,-0.9,-89.6,71.02,87,67,9.13
284,Florianopolis,BR,2021-07-30 00:58:53,-27.6146,-48.5012,47.62,69,0,0.0
285,Leningradskiy,RU,2021-07-30 01:02:07,69.3833,178.4167,32.95,95,100,20.92
286,Kununurra,AU,2021-07-30 01:02:07,-15.7667,128.7333,80.58,57,0,1.14
287,Chumikan,RU,2021-07-30 01:02:08,54.7183,135.315,52.34,95,100,23.35
288,Akom,CM,2021-07-30 01:02:08,2.6678,12.7109,68.16,95,93,3.31
289,Port Augusta,AU,2021-07-30 01:02:08,-32.5,137.7667,62.71,38,99,21.47
290,Praia,CV,2021-07-30 01:02:09,14.9215,-23.5087,77.54,73,75,11.5
291,Gorontalo,ID,2021-07-30 01:02:09,0.5412,123.0595,85.86,65,79,3.33
292,Abu Dhabi,AE,2021-07-30 00:59:25,24.4667,54.3667,91.51,84,95,3.44
293,Sorland,NO,2021-07-30 01:02:09,67.667,12.6934,50.27,87,10,26.33
294,Mugur-Aksy,RU,2021-07-30 01:02:10,50.35,90.5,54.84,64,90,3.74
295,Iqaluit,CA,2021-07-30 01:02:10,63.7506,-68.5145,44.2,87,100,2.68
296,Shelburne,CA,2021-07-30 01:02:06,44.0787,-80.2041,67.68,92,0,6.93
297,Dubrovka,RU,2021-07-30 01:02:10,53.6907,33.5071,67.98,98,100,3.15
298,Kharan,PK,2021-07-30 01:02:11,28.5833,65.4167,89.15,14,67,3.78
299,Ponta Do Sol,PT,2021-07-30 01:02:11,32.6667,-17.1,72.23,76,9,6.58
300,Bandar-E Lengeh,IR,2021-07-30 01:02:11,26.5579,54.8807,91.67,68,100,3.87
301,Gat,IL,2021-07-30 01:02:11,31.61,34.7642,81.39,78,0,5.03
302,Kherson,UA,2021-07-30 01:02:12,46.6558,32.6178,75.9,100,37,7.61
303,Tyrma,RU,2021-07-30 01:02:12,50.0833,132.1667,80.06,60,15,3.78
304,Otradnoye,RU,2021-07-30 01:02:12,59.7775,30.8181,64.45,92,97,5.79
305,Manggar,ID,2021-07-30 01:02:13,-2.8833,108.2667,83.75,72,7,11.65
306,Zhanaozen,KZ,2021-07-30 01:02:13,43.3,52.8,75.43,26,97,9.55
307,Shizunai,JP,2021-07-30 01:02:13,42.3339,142.3669,76.15,81,2,14.25
308,Voineasa,RO,2021-07-30 01:02:14,44.2833,24.1333,73.99,60,0,4.61
309,Ermoupolis,GR,2021-07-30 01:02:14,37.4423,24.9425,83.28,66,0,12.15
310,Camabatela,AO,2021-07-30 01:02:14,-8.1881,15.375,57.15,62,0,3.02
311,Bansko,BG,2021-07-30 01:02:15,41.8383,23.4885,71.76,38,0,0.69
312,Moose Factory,CA,2021-07-30 01:02:15,51.2585,-80.6094,49.06,62,11,10.4
313,Papara,BR,2021-07-30 01:02:15,-3.9839,-38.7273,79.2,97,11,2.77
314,Sao Jose Dos Pinhais,BR,2021-07-30 01:02:16,-25.5347,-49.2064,41.85,65,0,3.04
315,Basoko,CD,2021-07-30 01:02:16,1.2391,23.616,70.75,88,31,1.16
316,Newport,GB,2021-07-30 01:02:16,51.5877,-2.9984,59.77,91,100,19.28
317,Riyadh,SA,2021-07-30 00:57:56,24.6877,46.7219,89.74,15,16,4.9
318,Beringovskiy,RU,2021-07-30 01:02:17,63.05,179.3167,43.48,85,100,10.94
319,Novobirilyussy,RU,2021-07-30 01:02:17,56.9514,90.6661,60.96,58,100,2.35
320,Codrington,AU,2021-07-30 01:02:17,-38.2667,141.9667,52.48,64,96,26.31
321,Praia Da Vitoria,PT,2021-07-30 01:02:18,38.7333,-27.0667,73.76,80,17,9.8
322,Tawau,MY,2021-07-30 01:02:18,4.2498,117.8871,81.3,83,8,2.55
323,Kavieng,PG,2021-07-30 01:02:18,-2.5744,150.7967,83.93,70,56,4.36
324,Sechura,PE,2021-07-30 01:02:19,-5.5569,-80.8222,68.67,77,67,16.15
325,Arraial Do Cabo,BR,2021-07-30 01:02:19,-22.9661,-42.0278,63.23,56,99,21.7
326,Faya,SA,2021-07-30 01:02:19,18.3851,42.4509,67.19,67,88,4.03
327,Rabo De Peixe,PT,2021-07-30 01:02:20,37.8,-25.5833,69.31,88,40,8.05
328,Jiamusi,CN,2021-07-30 01:02:09,46.8333,130.35,81.12,67,100,5.59
329,Znamenskoye,RU,2021-07-30 01:02:20,57.1281,73.8282,51.69,85,34,6.6
330,Cabadiangan,PH,2021-07-30 01:02:20,9.7531,122.4739,85.21,78,95,11.68
331,Rio Gallegos,AR,2021-07-30 01:02:21,-51.6226,-69.2181,40.24,75,100,9.35
332,Fort Nelson,CA,2021-07-30 01:02:21,58.8053,-122.7002,79.7,27,29,2.39
333,Nouna,BF,2021-07-30 01:02:21,12.7333,-3.8667,76.01,87,100,8.03
334,Oranjestad,AW,2021-07-30 00:58:09,12.524,-70.027,82.35,78,20,26.46
335,Constitucion,CL,2021-07-30 01:02:22,-35.3333,-72.4167,51.55,76,0,2.95
336,Alice Springs,AU,2021-07-30 01:02:22,-23.7,133.8833,76.55,21,0,11.99
337,Qui Nhon,VN,2021-07-30 01:02:22,13.7667,109.2333,87.91,61,32,16.24
338,Nalut,LY,2021-07-30 01:02:23,30.3333,10.85,81.28,23,0,9.95
339,Callaguip,PH,2021-07-30 01:02:23,18.0714,120.4867,83.21,81,100,19.15
340,Thompson,CA,2021-07-30 01:02:23,55.7435,-97.8558,68.9,53,100,4.25
341,Balclutha,NZ,2021-07-30 01:02:24,-46.2339,169.75,52.61,76,100,2.75
342,Kuchera,IN,2021-07-30 01:02:24,26.9839,73.9719,80.42,81,100,11.9
343,Sandwick,GB,2021-07-30 01:02:24,60.0,-1.25,53.42,100,90,8.05
344,Kaa-Khem,RU,2021-07-30 01:02:25,51.6833,94.7333,62.85,50,93,2.37
345,Pangai,TO,2021-07-30 01:02:25,-19.8,-174.35,75.85,76,64,16.6
346,Banda Aceh,ID,2021-07-30 01:02:25,5.5577,95.3222,82.06,77,100,13.65
347,Tigzirt,DZ,2021-07-30 01:02:26,36.8886,4.1198,80.89,63,1,3.29
348,Mount Isa,AU,2021-07-30 01:02:26,-20.7333,139.5,80.37,26,5,9.22
349,Saint-Augustin,CA,2021-07-30 01:02:26,51.226,-58.6502,54.61,73,50,7.18
350,Laguna,US,2021-07-30 01:02:27,38.421,-121.4238,108.32,28,1,5.01
351,Sept-Iles,CA,2021-07-30 01:00:47,50.2001,-66.3821,57.69,81,100,5.66
352,Bosaso,SO,2021-07-30 01:02:27,11.2842,49.1816,87.73,47,98,27.76
353,Beaverlodge,CA,2021-07-30 01:02:27,55.2166,-119.4361,80.37,29,34,9.35
354,Tome,CL,2021-07-30 01:02:28,-36.6167,-72.95,48.97,69,0,2.39
355,Aksu,CN,2021-07-30 01:02:28,41.1231,80.2644,88.72,21,100,6.85
356,Chapais,CA,2021-07-30 01:02:28,49.7834,-74.8492,55.18,96,100,10.6
357,Lata,PT,2021-07-30 01:02:29,40.1629,-8.3327,61.81,98,29,1.74
358,Naryan-Mar,RU,2021-07-30 01:02:29,67.6713,53.087,44.46,89,22,3.65
359,Fenyi,CN,2021-07-30 01:02:29,27.8112,114.6681,84.72,78,7,2.21
360,Severnyy,RU,2021-07-30 01:02:30,50.677,36.5532,68.04,83,45,2.24
361,Burnie,AU,2021-07-30 01:02:30,-41.0667,145.9167,52.83,76,99,17.16
362,Nicoya,CR,2021-07-30 01:02:30,10.1483,-85.452,77.0,87,88,3.04
363,San Cristobal,VE,2021-07-30 01:02:31,7.7669,-72.225,65.21,98,43,4.21
364,Lorengau,PG,2021-07-30 01:02:31,-2.0226,147.2712,85.33,68,41,4.81
365,Moussoro,TD,2021-07-30 01:02:31,13.6408,16.4901,78.93,75,100,14.09
366,Tres Arroyos,AR,2021-07-30 01:02:32,-38.3739,-60.2798,45.23,54,0,12.06
367,Provideniya,RU,2021-07-30 01:02:32,64.3833,-173.3,51.91,76,75,15.66
368,Tsiroanomandidy,MG,2021-07-30 01:02:32,-18.7667,46.0333,56.28,83,5,1.74
369,Shieli,KZ,2021-07-30 01:02:32,44.1667,66.75,70.79,41,0,7.58
370,Port Macquarie,AU,2021-07-30 00:57:51,-31.4333,152.9167,62.89,38,0,6.06
371,Verkhnetulomskiy,RU,2021-07-30 01:02:33,68.6073,31.7962,44.73,87,100,3.09
372,Broken Hill,AU,2021-07-30 01:02:33,-31.95,141.4333,57.74,35,96,23.51
373,Pak Phanang,TH,2021-07-30 01:02:34,8.3511,100.202,84.04,71,100,7.07
374,Bako,ET,2021-07-30 01:02:34,5.7833,36.5667,63.48,72,100,3.58
375,Chulym,RU,2021-07-30 01:02:34,55.0997,80.9572,55.35,78,0,4.43
376,Olafsvik,IS,2021-07-30 01:02:35,64.8945,-23.7142,53.06,86,100,5.46
377,Maceio,BR,2021-07-30 00:59:53,-9.6658,-35.7353,71.04,100,0,3.44
378,Hofn,IS,2021-07-30 01:02:35,64.2539,-15.2082,51.3,92,79,2.77
379,Rawson,AR,2021-07-30 01:02:35,-43.3002,-65.1023,54.1,45,28,13.58
380,Kachug,RU,2021-07-30 01:02:36,53.9606,105.8817,61.86,92,100,3.8
381,Pirganj,BD,2021-07-30 01:02:36,25.8523,88.3618,80.19,84,98,17.9
382,Cabedelo,BR,2021-07-30 01:02:36,-6.9811,-34.8339,76.59,81,100,11.18
383,Viedma,AR,2021-07-30 01:02:37,-40.8135,-62.9967,52.79,33,4,13.89
384,Pavino,RU,2021-07-30 01:02:37,59.1139,46.1414,58.15,99,73,6.04
385,Luderitz,NA,2021-07-30 01:02:37,-26.6481,15.1594,64.29,39,0,10.51
386,Yumen,CN,2021-07-30 01:02:38,40.2833,97.2,81.81,19,0,17.78
387,Lubaczow,PL,2021-07-30 01:02:38,50.157,23.1234,61.52,78,28,4.32
388,Yeniseysk,RU,2021-07-30 01:02:38,58.4497,92.1703,60.98,73,87,1.3
389,Mahanje,TZ,2021-07-30 01:02:39,-9.9333,35.3333,51.82,82,0,3.18
390,Pahrump,US,2021-07-30 01:02:39,36.2083,-115.9839,102.51,19,25,1.01
391,Necochea,AR,2021-07-30 01:02:39,-38.5473,-58.7368,44.04,65,0,10.36
392,Betioky,MG,2021-07-30 01:02:40,-23.7167,44.3833,62.11,73,3,4.79
393,Steenwijk,NL,2021-07-30 01:02:40,52.7875,6.1208,60.94,79,56,4.0
394,Krsko,SI,2021-07-30 01:02:40,45.9591,15.4917,69.13,87,0,1.14
395,Smirnykh,RU,2021-07-30 01:02:40,49.75,142.8333,81.46,64,100,5.64
396,Lac Du Bonnet,CA,2021-07-30 01:02:41,50.2536,-96.0612,77.59,46,99,3.2
397,Djambala,CG,2021-07-30 01:02:41,-2.5447,14.7533,70.77,47,19,3.78
398,Kidal,ML,2021-07-30 01:02:41,18.4411,1.4078,88.68,39,5,6.6
399,Luau,AO,2021-07-30 01:02:42,-10.7073,22.2247,56.57,33,0,5.17
400,Beloha,MG,2021-07-30 01:02:42,-25.1667,45.05,64.69,76,13,5.08
401,Kavaratti,IN,2021-07-30 01:02:42,10.5669,72.642,82.33,74,100,15.23
402,Eyrarbakki,IS,2021-07-30 01:02:43,63.863,-21.1481,57.2,81,29,3.98
403,Poum,NC,2021-07-30 01:02:43,-20.2333,164.0167,73.71,68,5,9.55
404,Leua,SK,2021-07-30 01:02:43,48.2156,18.6071,67.5,64,0,3.56
405,Sabang,ID,2021-07-30 01:02:44,5.8933,95.3214,83.44,77,100,21.0
406,Zhoucheng,CN,2021-07-30 01:02:44,35.9122,116.3117,75.99,81,32,8.34
407,Mersing,MY,2021-07-30 01:02:44,2.4312,103.8405,82.6,74,33,6.49
408,Grindavik,IS,2021-07-30 01:02:45,63.8424,-22.4338,54.07,94,0,5.75
409,Viransehir,TR,2021-07-30 01:02:45,37.2353,39.7631,88.57,24,0,10.51
410,Formosa,AR,2021-07-30 01:02:45,-26.1775,-58.1781,41.83,51,0,4.34
411,Ust-Tsilma,RU,2021-07-30 01:02:45,65.441,52.1498,47.03,88,100,2.84
412,Dortyol,TR,2021-07-30 01:02:46,36.8616,36.2289,79.75,66,0,1.3
413,Maryville,US,2021-07-30 01:02:46,35.7565,-83.9705,86.25,71,75,8.05
414,Buenos Aires,AR,2021-07-30 01:01:35,-34.6132,-58.3772,50.97,56,0,8.12
415,Marihatag,PH,2021-07-30 01:02:47,8.7936,126.2969,85.06,70,26,6.31
416,Lannion,FR,2021-07-30 01:02:47,48.75,-3.4167,61.68,88,75,16.11
417,Malanje,AO,2021-07-30 01:02:47,-9.5402,16.341,63.12,28,0,3.27
418,Gamba,GA,2021-07-30 01:02:48,-2.65,10.0,73.99,83,98,8.28
419,Srikakulam,IN,2021-07-30 01:02:48,18.3,83.9,80.94,72,100,5.08
420,Black River,JM,2021-07-30 01:02:48,18.0264,-77.8487,76.98,78,64,6.35
421,Port Hardy,CA,2021-07-30 01:02:06,50.6996,-127.4199,67.17,79,18,13.67
422,Auki,SB,2021-07-30 01:02:49,-8.7676,160.7034,85.91,63,5,2.57
423,Port Blair,IN,2021-07-30 01:02:49,11.6667,92.75,82.54,83,92,17.13
424,Bereda,ES,2021-07-30 01:02:49,43.2686,-7.5406,58.91,100,8,1.97
425,Ust-Uda,RU,2021-07-30 01:02:50,54.1742,103.0304,55.09,91,100,5.37
426,Bathsheba,BB,2021-07-30 01:02:50,13.2167,-59.5167,80.28,76,9,11.54
427,Pedasi,PA,2021-07-30 01:02:50,7.5333,-80.0333,80.65,78,100,2.71
428,Iraray,PH,2021-07-30 01:02:50,8.9936,118.0511,84.56,65,100,4.21
429,Manaus,BR,2021-07-30 01:02:51,-3.1019,-60.025,82.89,74,40,5.75
430,Itoman,JP,2021-07-30 01:02:17,26.1247,127.6694,84.58,84,20,5.75
431,Maynooth,IE,2021-07-30 01:02:51,53.385,-6.5936,56.35,90,100,6.08
432,Aksha,RU,2021-07-30 01:02:51,50.2814,113.2867,58.6,98,100,5.19
433,Otane,NZ,2021-07-30 01:02:52,-39.8833,176.6333,62.38,52,8,4.94
434,Namatanai,PG,2021-07-30 01:02:52,-3.6667,152.4333,85.55,66,13,2.3
435,Odweyne,SO,2021-07-30 01:02:53,9.4092,45.064,72.14,54,100,22.55
436,Aquidauana,BR,2021-07-30 01:02:53,-20.4711,-55.7872,49.33,31,6,4.41
437,Narsaq,GL,2021-07-30 01:02:53,60.9167,-46.05,48.42,86,100,3.42
438,Westport,US,2021-07-30 01:01:09,41.1415,-73.3579,73.8,93,100,1.01
439,Freetown,SL,2021-07-30 01:02:53,8.484,-13.2299,76.5,82,92,6.38
440,Kuzhener,RU,2021-07-30 01:02:54,56.8111,48.9128,56.39,97,60,6.04
441,Lander,US,2021-07-30 01:02:54,42.833,-108.7307,82.06,44,1,9.22
442,Orlik,RU,2021-07-30 01:02:54,52.5178,99.825,52.16,85,100,2.37
443,Tiznit,MA,2021-07-30 01:02:19,29.5833,-9.5,83.01,37,37,6.08
444,Korla,CN,2021-07-30 01:02:55,41.7597,86.1469,90.03,20,28,20.8
445,Farafangana,MG,2021-07-30 01:02:55,-22.8167,47.8333,68.34,76,99,4.99
446,Tarsus,TR,2021-07-30 01:02:56,36.9188,34.8784,76.87,54,0,4.45
447,Namibe,AO,2021-07-30 01:02:56,-15.1961,12.1522,63.81,81,2,0.11
448,Salinopolis,BR,2021-07-30 01:02:56,-0.6136,-47.3561,77.49,87,18,8.95
449,Vostok,RU,2021-07-30 01:02:57,46.4856,135.8833,69.89,95,100,1.77
450,Lethem,GY,2021-07-30 01:02:57,3.3803,-59.7968,73.0,93,94,1.14
451,Semporna,MY,2021-07-30 01:02:57,4.4818,118.6112,83.41,82,68,7.38
452,Richards Bay,ZA,2021-07-30 01:02:58,-28.783,32.0377,60.31,78,1,7.47
453,Opuwo,NA,2021-07-30 01:02:58,-18.0607,13.84,56.68,27,5,10.07
454,Ilebo,CD,2021-07-30 01:02:13,-4.3167,20.5833,68.25,39,15,1.63
455,Sinnamary,GF,2021-07-30 01:02:27,5.3833,-52.95,78.35,83,4,6.08
456,Pueblo,US,2021-07-30 01:02:59,38.2545,-104.6091,94.68,25,1,1.01
457,Springbok,ZA,2021-07-30 01:02:14,-29.6643,17.8865,45.46,59,0,7.38
458,Keroka,KE,2021-07-30 01:02:59,-0.7758,34.9453,49.89,96,98,3.09
459,Zheleznodorozhnyy,RU,2021-07-30 01:02:59,55.7503,38.0042,68.14,73,100,4.25
460,Bhimunipatnam,IN,2021-07-30 01:02:59,17.8833,83.4333,80.11,72,100,8.75
461,Santa Rosa,PH,2021-07-30 01:03:00,14.3122,121.1114,85.08,80,100,10.6
462,Beyneu,KZ,2021-07-30 01:03:00,45.3167,55.2,77.02,16,6,6.78
463,Bauchi,NG,2021-07-30 01:03:00,10.5,10.0,70.3,97,100,4.36
464,Waingapu,ID,2021-07-30 01:03:01,-9.6567,120.2641,82.18,61,13,11.54
465,Tambura,SS,2021-07-30 01:03:01,5.6,27.4667,67.03,95,100,3.83
466,Joensuu,FI,2021-07-30 01:03:01,62.6012,29.7632,64.27,92,90,3.0
467,Kano,NG,2021-07-30 01:03:02,12.0001,8.5167,74.62,81,66,3.91
468,Natalio,PY,2021-07-30 01:03:02,-26.7167,-55.0833,36.36,71,0,0.87
469,Egvekinot,RU,2021-07-30 01:03:02,66.3167,-179.1667,34.57,98,100,4.0
470,Kholm,RU,2021-07-30 01:03:03,59.2667,32.85,58.55,97,14,5.35
471,Nishihara,JP,2021-07-30 01:03:03,26.1842,127.7558,83.86,84,20,5.75
472,Meulaboh,ID,2021-07-30 01:03:04,4.1363,96.1285,77.92,85,100,2.42
473,Biak,ID,2021-07-30 01:03:04,-0.9131,122.8766,81.3,72,45,4.94
474,Urumqi,CN,2021-07-30 00:58:06,43.801,87.6005,76.15,36,0,2.24
475,Smithville,US,2021-07-30 00:58:21,39.3869,-94.5811,92.66,54,72,8.08
476,Itarema,BR,2021-07-30 01:03:05,-2.9248,-39.9167,78.13,85,46,9.66
477,Tongren,CN,2021-07-30 01:03:05,27.7172,109.1853,82.13,80,0,1.61
478,Bantry,IE,2021-07-30 01:03:05,51.6833,-9.45,54.88,90,100,9.57
479,Tilichiki,RU,2021-07-30 01:03:06,60.4667,166.1,57.34,44,14,6.78
480,Matamoros,MX,2021-07-30 01:03:06,25.5333,-103.25,84.38,31,100,15.77
481,Owando,CG,2021-07-30 01:03:06,-0.4819,15.8999,73.35,58,71,2.04
482,Samarai,PG,2021-07-30 01:03:06,-10.6167,150.6667,80.1,84,49,13.98
483,Rostovka,RU,2021-07-30 01:03:07,55.3842,71.8891,55.54,62,100,10.42
484,High Level,CA,2021-07-30 01:03:07,58.5169,-117.136,79.5,33,98,7.58
485,Pochutla,MX,2021-07-30 01:03:07,15.7432,-96.4661,77.83,87,100,3.02
486,La Macarena,CO,2021-07-30 01:03:08,2.1837,-73.7849,70.23,98,34,2.44
487,Monmouth,US,2021-07-30 01:02:44,40.3001,-74.1663,73.9,87,90,3.44
488,Boddam,GB,2021-07-30 01:03:08,57.4667,-1.7833,56.71,91,100,12.8
489,Lubango,AO,2021-07-30 01:03:09,-14.9172,13.4925,53.87,28,4,4.38
490,Hailar,CN,2021-07-30 01:03:09,49.2,119.7,73.4,70,74,6.11
491,Aguas De Lindoia,BR,2021-07-30 01:03:09,-22.4764,-46.6328,36.61,45,24,2.59
492,Nelson Bay,AU,2021-07-30 01:03:10,-32.7167,152.15,63.95,60,0,4.32
493,Lamar,US,2021-07-30 01:03:10,33.6668,-95.5836,91.56,68,20,3.65
494,Pimentel,PE,2021-07-30 01:02:59,-6.8367,-79.9342,64.99,84,86,1.99
495,Eyl,SO,2021-07-30 01:03:10,7.9803,49.8164,77.72,70,100,19.8
496,Shevchenkove,UA,2021-07-30 01:03:11,49.6959,37.1735,64.18,94,15,6.06
497,Zhuhai,CN,2021-07-30 01:02:56,22.2769,113.5678,81.72,89,40,4.61
498,Tshikapa,CD,2021-07-30 01:03:11,-6.4167,20.8,70.32,35,4,1.92
499,Umm Kaddadah,SD,2021-07-30 01:03:11,13.6017,26.6876,86.54,51,100,13.33
500,Harer,ET,2021-07-30 01:03:12,9.3094,42.1258,59.81,72,100,11.27
501,Coquimbo,CL,2021-07-30 00:58:32,-29.9533,-71.3436,51.53,87,20,1.14
502,Souillac,MU,2021-07-30 01:03:12,-20.5167,57.5167,70.36,76,96,20.13
503,Maltahohe,NA,2021-07-30 01:02:27,-24.8333,16.9833,47.79,39,0,11.88
504,Karratha,AU,2021-07-30 01:02:56,-20.7377,116.8463,71.02,62,0,4.88
505,Encheng,CN,2021-07-30 01:03:13,22.1839,112.3026,86.97,69,62,2.73
506,Saint-Pierre,RE,2021-07-30 01:03:13,-21.3393,55.4781,69.48,78,75,25.32
507,Anchorage,US,2021-07-30 01:00:39,61.2181,-149.9003,64.0,84,75,3.0
508,Mitzic,GA,2021-07-30 01:03:13,0.7821,11.549,67.93,95,76,4.88
509,Shenjiamen,CN,2021-07-30 01:02:12,29.9576,122.298,80.89,85,88,4.07
510,Odessa,UA,2021-07-30 01:00:28,46.4775,30.7326,69.73,83,0,4.47
511,Caravelas,BR,2021-07-30 01:03:14,-17.7125,-39.2481,70.48,79,100,14.47
512,Marawi,PH,2021-07-30 01:03:14,7.9986,124.2928,80.89,57,100,3.11
513,Gataivai,WS,2021-07-30 01:03:14,-13.7736,-172.388,81.19,79,70,20.4
514,Elizabeth City,US,2021-07-30 01:03:15,36.2946,-76.2511,86.02,86,46,10.2
515,Qandala,SO,2021-07-30 01:03:15,11.472,49.8728,87.24,54,84,20.29
516,Ngama,TD,2021-07-30 01:03:15,11.7833,17.1667,70.88,89,100,17.0
517,Sao Francisco,BR,2021-07-30 01:03:16,-15.9486,-44.8644,66.47,39,0,5.95
518,Mehamn,NO,2021-07-30 01:03:16,71.0357,27.8492,43.81,83,100,3.83
519,Ondangwa,NA,2021-07-30 01:03:16,-17.9167,15.95,55.4,26,92,12.21
520,Muzhi,RU,2021-07-30 01:03:17,65.3667,64.6667,49.14,83,100,15.28
521,Price,US,2021-07-30 01:00:40,39.5994,-110.8107,84.11,39,99,9.24
522,Sibu,MY,2021-07-30 01:03:17,2.3,111.8167,77.52,94,100,2.55
523,Maraba,BR,2021-07-30 01:03:18,-5.3686,-49.1178,76.3,44,7,0.22
524,Mandalgovi,MN,2021-07-30 01:03:18,45.7625,106.2708,66.06,50,5,14.7
525,Uige,AO,2021-07-30 01:03:18,-7.6087,15.0613,60.87,68,0,1.86
526,Xunchang,CN,2021-07-30 01:03:19,28.4543,104.715,82.35,69,22,3.36
527,Mazamari,PE,2021-07-30 01:03:19,-11.3258,-74.5308,63.79,92,100,0.69
528,Caohai,CN,2021-07-30 01:03:19,26.8661,104.2841,65.88,66,44,1.5
529,Svetlyy,RU,2021-07-30 01:03:20,54.675,20.1347,60.85,74,2,10.22
530,Antofagasta,CL,2021-07-30 01:00:04,-23.65,-70.4,64.22,68,6,6.96
531,Ixtapa,MX,2021-07-30 01:03:20,20.7,-105.2,86.23,82,20,3.0
532,Cape Coast,GH,2021-07-30 01:03:20,5.1053,-1.2466,75.51,88,12,8.21
533,Alta Floresta,BR,2021-07-30 01:03:21,-9.8756,-56.0861,66.92,51,0,4.74
534,Vanimo,PG,2021-07-30 01:01:16,-2.6741,141.3028,85.28,67,100,4.81
535,Jalu,LY,2021-07-30 01:03:01,29.0331,21.5482,79.57,56,0,9.89
536,Blyth,GB,2021-07-30 01:03:21,55.1271,-1.5086,57.47,91,20,3.44
537,Katherine,AU,2021-07-30 01:03:21,-14.4667,132.2667,82.72,57,4,6.91
538,Kui Buri,TH,2021-07-30 01:03:22,12.0828,99.8543,80.46,78,100,7.58
539,Plettenberg Bay,ZA,2021-07-30 01:03:22,-34.0527,23.3716,53.67,72,6,4.85
540,Barcelona,ES,2021-07-30 01:02:58,41.3888,2.159,77.61,85,20,4.61
541,Talnakh,RU,2021-07-30 01:03:23,69.4865,88.3972,59.38,82,100,4.88
542,Salym,RU,2021-07-30 01:03:23,60.0625,71.4789,45.93,96,100,6.29
543,Vondrozo,MG,2021-07-30 01:03:23,-22.8167,47.2833,58.62,95,79,0.47
544,Kloulklubed,PW,2021-07-30 01:03:23,7.0419,134.2556,84.7,72,37,1.83
545,Washougal,US,2021-07-30 01:03:24,45.5826,-122.3534,100.35,26,1,1.01
546,Trincomalee,LK,2021-07-30 01:03:24,8.5711,81.2335,80.96,77,98,20.15
547,Anloga,GH,2021-07-30 01:03:24,5.7947,0.8973,76.73,87,11,9.89
548,Puerto Cabello,VE,2021-07-30 01:03:25,10.4731,-68.0125,81.75,77,96,9.66
549,Gejiu,CN,2021-07-30 01:03:25,23.306,103.1635,61.2,93,100,1.14
550,Raudeberg,NO,2021-07-30 01:03:25,61.9875,5.1352,60.19,93,100,15.3
551,Kaina,NG,2021-07-30 01:03:26,12.6374,8.5873,77.45,75,97,5.1
552,Lompoc,US,2021-07-30 01:00:55,34.6391,-120.4579,78.21,78,90,8.01
553,Port Pirie,AU,2021-07-30 01:03:26,-33.1833,138.0167,63.01,47,100,18.92
554,Dublin,US,2021-07-30 01:01:11,37.7021,-121.9358,100.81,42,11,7.0
555,Lyuban,BY,2021-07-30 01:03:26,52.7985,28.0048,61.3,93,0,6.85
556,Awbari,LY,2021-07-30 01:03:27,26.5921,12.7805,80.19,20,0,8.63
557,Port Lincoln,AU,2021-07-30 01:03:27,-34.7333,135.8667,62.06,55,5,21.21
558,Kibre Mengist,ET,2021-07-30 01:03:27,5.8833,38.9833,57.76,87,100,2.89
559,Omboue,GA,2021-07-30 01:03:28,-1.5746,9.2618,74.03,81,36,8.01
560,Rio Bueno,CL,2021-07-30 01:03:28,-40.3167,-72.9667,42.1,95,6,2.33
561,Khorinsk,RU,2021-07-30 01:03:28,52.1657,109.7726,68.36,59,100,9.78
562,Haileybury,CA,2021-07-30 01:03:28,47.449,-79.6373,57.78,92,100,13.94
563,Tabuny,RU,2021-07-30 01:03:29,52.7773,78.7896,57.54,60,0,6.44
564,Wajir,KE,2021-07-30 01:03:29,1.7471,40.0573,70.86,73,99,13.87
565,Sungaipenuh,ID,2021-07-30 01:03:29,-2.0833,101.3833,67.95,85,100,0.94
566,Enid,US,2021-07-30 01:03:30,36.3956,-97.8784,97.14,53,1,5.01
567,Salekhard,RU,2021-07-30 01:03:30,66.53,66.6019,50.27,94,100,11.77
